Species,evolution_category,stage,evolution_method,special_evolution
GENERATION-1:,,,,
Bulbasaur,Unevolved,0.0,,
Ivysaur,Middle evolution,1.0,Lv 16,
Venusaur,Fully evolved,2.0,Lv 32,
Venusaur,Fully evolved,2.0,Lv 32,
Venusaur-Mega,Mega,3.0,Venusaurite,
Venusaur-Gmax,Gmax,3.0,Gigantamax Factor,
Charmander,Unevolved,0.0,,
Charmeleon,Middle evolution,1.0,Lv 16,
Charizard,Fully evolved,2.0,Lv 36,
Charizard-Mega-X,Mega,3.0,Charizardite X,
Charizard-Mega-Y,Mega,3.0,Charizardite Y,
Charizard-Gmax,Gmax,3.0,Gigantamax Factor,
Squirtle,Unevolved,0.0,,
Wartortle,Middle evolution,1.0,Lv 16,
Blastoise,Fully evolved,2.0,Lv 36,
Blastoise-Mega,Mega,3.0,Blastoisinite,
Blastoise-Gmax,Gmax,3.0,Gigantamax Factor,
Caterpie,Unevolved,0.0,,
Metapod,Middle evolution,1.0,Lv 7,
Butterfree,Fully evolved,2.0,Lv 10,
Butterfree,Fully evolved,2.0,Lv 10,
Butterfree-Gmax,Gmax,3.0,Gigantamax Factor,
Weedle,Unevolved,0.0,,
Kakuna,Middle evolution,1.0,Lv 7,
Beedrill,Fully evolved,2.0,Lv 10,
Beedrill-Mega,Mega,3.0,Beedrillite,
Pidgey,Unevolved,0.0,,
Pidgeotto,Middle evolution,1.0,Lv 18,
Pidgeot,Fully evolved,2.0,Lv 36,
Pidgeot-Mega,Mega,3.0,Pidgeotite,
Rattata,Unevolved,0.0,,
Rattata,Unevolved,0.0,,
Raticate,Fully evolved,1.0,Lv 20,
Raticate,Fully evolved,1.0,Lv 20,
Spearow,Unevolved,0.0,,
Fearow,Fully evolved,1.0,Lv 20,
Ekans,Unevolved,0.0,,
Arbok,Fully evolved,1.0,Lv 22,
Pikachu,Middle evolution,1.0,Lv up with high happiness,
Pikachu,Middle evolution,1.0,Lv up with high happiness,
Pikachu-Original,Does not evolve,0.0,,
Pikachu-Hoenn,Does not evolve,0.0,,
Pikachu-Sinnoh,Does not evolve,0.0,,
Pikachu-Unova,Does not evolve,0.0,,
Pikachu-Kalos,Does not evolve,0.0,,
Pikachu-Alola,Does not evolve,0.0,,
Pikachu-Partner,Does not evolve,0.0,,
Pikachu-World,Does not evolve,0.0,,
Pikachu-Gmax,Gmax,2.0,Gigantamax Factor,
"Pikachu-M,-Partner",,,,
"Pikachu-F,-Partner",,,,
Pikachu-Cosplay,Does not evolve,0.0,,
Pikachu-Rock-Star,Does not evolve,0.0,,
Pikachu-Belle,Does not evolve,0.0,,
Pikachu-Pop-Star,Does not evolve,0.0,,
Pikachu-Ph.D,,,,
Pikachu-Libre,Does not evolve,0.0,,
Raichu,Fully evolved,2.0,Thunder Stone,
Raichu,Fully evolved,2.0,Thunder Stone,
Sandshrew,Unevolved,0.0,,
Sandslash,Fully evolved,1.0,Lv 22,
Nidoran,,,,
Nidorina,Middle evolution,1.0,Lv 16,
Nidoqueen,Fully evolved,2.0,Moon Stone,
Nidoran,,,,
Nidorino,Middle evolution,1.0,Lv 16,
Nidoking,Fully evolved,2.0,Moon Stone,
Clefairy,Middle evolution,1.0,Lv up with high happiness,
Clefable,Fully evolved,2.0,Moon Stone,
Vulpix,Unevolved,0.0,,
Ninetales,Fully evolved,1.0,Fire Stone,
Jigglypuff,Middle evolution,1.0,Lv up with high happiness,
Wigglytuff,Fully evolved,2.0,Moon Stone,
Zubat,Unevolved,0.0,,
Zubat,Unevolved,0.0,,
Golbat,Middle evolution,1.0,Lv 22,
Golbat,Middle evolution,1.0,Lv 22,
Oddish,Unevolved,0.0,,
Gloom,Middle evolution,1.0,Lv 21,
Gloom,Middle evolution,1.0,Lv 21,
Vileplume,Fully evolved,2.0,Leaf Stone,
Vileplume,Fully evolved,2.0,Leaf Stone,
Paras,Unevolved,0.0,,
Parasect,Fully evolved,1.0,Lv 24,
Venonat,Unevolved,0.0,,
Venomoth,Fully evolved,1.0,Lv 31,
Diglett,Unevolved,0.0,,
Dugtrio,Fully evolved,1.0,Lv 26,
Meowth,Unevolved,0.0,,
Meowth-Gmax,Gmax,1.0,Gigantamax Factor,
Persian,Fully evolved,1.0,Lv 28,
Psyduck,Unevolved,0.0,,
Golduck,Fully evolved,1.0,Lv 33,
Mankey,Unevolved,0.0,,
Primeape,Middle evolution,1.0,Lv 28,
Growlithe,Unevolved,0.0,,
Arcanine,Fully evolved,1.0,Fire Stone,
Poliwag,Unevolved,0.0,,
Poliwhirl,Middle evolution,1.0,Lv 25,
Poliwrath,Fully evolved,2.0,Water Stone,
Abra,Unevolved,0.0,,
Kadabra,Middle evolution,1.0,Lv 16,
Kadabra,Middle evolution,1.0,Lv 16,
Alakazam,Fully evolved,2.0,Trade,
Alakazam,Fully evolved,2.0,Trade,
Alakazam-Mega,Mega,3.0,Alakazite,
Machop,Unevolved,0.0,,
Machoke,Middle evolution,1.0,Lv 28,
Machamp,Fully evolved,2.0,Trade,
Machamp-Gmax,Gmax,3.0,Gigantamax Factor,
Bellsprout,Unevolved,0.0,,
Weepinbell,Middle evolution,1.0,Lv 21,
Victreebel,Fully evolved,2.0,Leaf Stone,
Tentacool,Unevolved,0.0,,
Tentacruel,Fully evolved,1.0,Lv 30,
Geodude,Unevolved,0.0,,
Graveler,Middle evolution,1.0,Lv 25,
Golem,Fully evolved,2.0,Trade,
Ponyta,Unevolved,0.0,,
Rapidash,Fully evolved,1.0,Lv 40,
Slowpoke,Unevolved,0.0,,
Slowbro,Fully evolved,1.0,Lv 37,
Slowbro-Mega,Mega,2.0,Slowbronite,
Magnemite,Unevolved,0.0,,
Magneton,Middle evolution,1.0,Lv 30,
Farfetch’d,Does not evolve,0.0,,
Doduo,Unevolved,0.0,,
Doduo,Unevolved,0.0,,
Dodrio,Fully evolved,1.0,Lv 31,
Dodrio,Fully evolved,1.0,Lv 31,
Seel,Unevolved,0.0,,
Dewgong,Fully evolved,1.0,Lv 34,
Grimer,Unevolved,0.0,,
Muk,Fully evolved,1.0,Lv 38,
Shellder,Unevolved,0.0,,
Cloyster,Fully evolved,1.0,Water Stone,
Gastly,Unevolved,0.0,,
Haunter,Middle evolution,1.0,Lv 25,
Gengar,Fully evolved,2.0,Trade,
Gengar-Mega,Mega,3.0,Gengarite,
Gengar-Gmax,Gmax,3.0,Gigantamax Factor,
Onix,Unevolved,0.0,,
Drowzee,Unevolved,0.0,,
Hypno,Fully evolved,1.0,Lv 26,
Hypno,Fully evolved,1.0,Lv 26,
Krabby,Unevolved,0.0,,
Kingler,Fully evolved,1.0,Lv 28,
Kingler-Gmax,Gmax,2.0,Gigantamax Factor,
Voltorb,Unevolved,0.0,,
Electrode,Fully evolved,1.0,Lv 30,
Exeggcute,Unevolved,0.0,,
Exeggutor,Fully evolved,1.0,Leaf Stone,
Cubone,Unevolved,0.0,,
Marowak,Fully evolved,1.0,Lv 28,
Hitmonlee,Fully evolved,1.0,Lv 20 with an Atk stat > its Def stat,Lv 20 with an Atk stat > its Def stat
Hitmonchan,Fully evolved,1.0,Lv 20 with an Atk stat < its Def stat,Lv 20 with an Atk stat < its Def stat
Lickitung,Unevolved,0.0,,
Koffing,Unevolved,0.0,,
Weezing,Fully evolved,1.0,Lv 35,
Rhyhorn,Unevolved,0.0,,
Rhyhorn,Unevolved,0.0,,
Rhydon,Middle evolution,1.0,Lv 42,
Rhydon,Middle evolution,1.0,Lv 42,
Chansey,Middle evolution,1.0,Lv up while holding Oval Stone during the day,
Tangela,Unevolved,0.0,,
Kangaskhan,Does not evolve,0.0,,
Kangaskhan-Mega,Mega,1.0,Kangaskhanite,
Horsea,Unevolved,0.0,,
Seadra,Middle evolution,1.0,Lv 32,
Goldeen,Unevolved,0.0,,
Goldeen,Unevolved,0.0,,
Seaking,Fully evolved,1.0,Lv 33,
Seaking,Fully evolved,1.0,Lv 33,
Staryu,Unevolved,0.0,,
Starmie,Fully evolved,1.0,Water Stone,
Mr.-Mime,,,,
Scyther,Unevolved,0.0,,
Scyther,Unevolved,0.0,,
Jynx,Fully evolved,1.0,Lv 30,
Electabuzz,Middle evolution,1.0,Lv 30,
Magmar,Middle evolution,1.0,Lv 30,
Pinsir,Does not evolve,0.0,,
Pinsir-Mega,Mega,1.0,Pinsirite,
Tauros,Does not evolve,0.0,,
Magikarp,Unevolved,0.0,,
Magikarp,Unevolved,0.0,,
Gyarados,Fully evolved,1.0,Lv 20,
Gyarados,Fully evolved,1.0,Lv 20,
Gyarados-Mega,Mega,2.0,Gyaradosite,
Lapras,Does not evolve,0.0,,
Lapras-Gmax,Gmax,1.0,Gigantamax Factor,
Ditto,Does not evolve,0.0,,
Eevee,Unevolved,0.0,,
Eevee,Unevolved,0.0,,
Eevee-Gmax,Gmax,1.0,Gigantamax Factor,
"Eevee-M,-Partner",,,,
"Eevee-F,-Partner",,,,
Vaporeon,Fully evolved,1.0,Water Stone,
Jolteon,Fully evolved,1.0,Thunder Stone,
Flareon,Fully evolved,1.0,Fire Stone,
Porygon,Unevolved,0.0,,
Omanyte,Unevolved,0.0,,
Omastar,Fully evolved,1.0,Lv 40,
Kabuto,Unevolved,0.0,,
Kabutops,Fully evolved,1.0,Lv 40,
Aerodactyl,Does not evolve,0.0,,
Aerodactyl-Mega,Mega,1.0,Aerodactylite,
Snorlax,Fully evolved,1.0,Lv up with high happiness,
Snorlax-Gmax,Gmax,2.0,Gigantamax Factor,
Articuno,Does not evolve,0.0,,
Zapdos,Does not evolve,0.0,,
Moltres,Does not evolve,0.0,,
Dratini,Unevolved,0.0,,
Dragonair,Middle evolution,1.0,Lv 30,
Dragonite,Fully evolved,2.0,Lv 55,
Mewtwo,Does not evolve,0.0,,
Mewtwo-Mega-X,Mega,1.0,Mewtwonite X,
Mewtwo-Mega-Y,Mega,1.0,Mewtwonite Y,
Mew,Does not evolve,0.0,,
GENERATION-2:,,,,
Chikorita,Unevolved,0.0,,
Bayleef,Middle evolution,1.0,Lv 16,
Meganium,Fully evolved,2.0,Lv 32,
Meganium,Fully evolved,2.0,Lv 32,
Cyndaquil,Unevolved,0.0,,
Quilava,Middle evolution,1.0,Lv 14,
Typhlosion,Fully evolved,2.0,Lv 36,
Totodile,Unevolved,0.0,,
Croconaw,Middle evolution,1.0,Lv 18,
Feraligatr,Fully evolved,2.0,Lv 30,
Sentret,Unevolved,0.0,,
Furret,Fully evolved,1.0,Lv 15,
Hoothoot,Unevolved,0.0,,
Noctowl,Fully evolved,1.0,Lv 20,
Ledyba,Unevolved,0.0,,
Ledyba,Unevolved,0.0,,
Ledian,Fully evolved,1.0,Lv 18,
Ledian,Fully evolved,1.0,Lv 18,
Spinarak,Unevolved,0.0,,
Ariados,Fully evolved,1.0,Lv 22,
Crobat,Fully evolved,2.0,Lv up with high happiness,
Chinchou,Unevolved,0.0,,
Lanturn,Fully evolved,1.0,Lv 27,
Pichu,Baby,0.0,,
Pichu-Spiky-Ear-(Female-Only),,,,
Pichu-Pikachu-Colored-(Shiny),,,,
Cleffa,Baby,0.0,,
Igglybuff,Baby,0.0,,
Togepi,Baby,0.0,,
Togetic,Middle evolution,1.0,Lv up with high happiness,
Natu,Unevolved,0.0,,
Xatu,Fully evolved,1.0,Lv 25,
Xatu,Fully evolved,1.0,Lv 25,
Mareep,Unevolved,0.0,,
Flaaffy,Middle evolution,1.0,Lv 15,
Ampharos,Fully evolved,2.0,Lv 30,
Ampharos-Mega,Mega,3.0,Ampharosite,
Bellossom,Fully evolved,2.0,Sun Stone,
Marill,Middle evolution,1.0,Lv up with high happiness,
Azumarill,Fully evolved,2.0,Lv 18,
Sudowoodo,Fully evolved,1.0,Lv up while having learned ,
Sudowoodo,Fully evolved,1.0,Lv up while having learned ,
Politoed,Fully evolved,2.0,Trade while holding King's Rock,
Politoed,Fully evolved,2.0,Trade while holding King's Rock,
Hoppip,Unevolved,0.0,,
Skiploom,Middle evolution,1.0,Lv 18,
Jumpluff,Fully evolved,2.0,Lv 27,
Aipom,Unevolved,0.0,,
Aipom,Unevolved,0.0,,
Sunkern,Unevolved,0.0,,
Sunflora,Fully evolved,1.0,Sun Stone,
Yanma,Unevolved,0.0,,
Wooper,Unevolved,0.0,,
Wooper,Unevolved,0.0,,
Quagsire,Fully evolved,1.0,Lv 20,
Quagsire,Fully evolved,1.0,Lv 20,
Espeon,Fully evolved,1.0,Lv up with high happiness during the day,
Umbreon,Fully evolved,1.0,Lv up with high happiness at night,
Murkrow,Unevolved,0.0,,
Murkrow,Unevolved,0.0,,
Slowking,Fully evolved,1.0,Trade while holding King's Rock,
Misdreavus,Unevolved,0.0,,
Unown-A,,,,
Unown-B,,,,
Unown-C,,,,
Unown-D,,,,
Unown-E,,,,
Unown,Does not evolve,0.0,,
Unown-G,,,,
Unown-H,,,,
Unown-I,,,,
Unown-J,,,,
Unown-K,,,,
Unown-L,,,,
Unown,Does not evolve,0.0,,
Unown-N,,,,
Unown-O,,,,
Unown-P,,,,
Unown-Q,,,,
Unown-R,,,,
Unown-S,,,,
Unown-T,,,,
Unown-U,,,,
Unown-V,,,,
Unown-W,,,,
Unown-X,,,,
Unown-Y,,,,
Unown-Z,,,,
Unown-!,,,,
Unown-?,,,,
Wobbuffet,Fully evolved,1.0,Lv 15,
Wobbuffet,Fully evolved,1.0,Lv 15,
Girafarig,Unevolved,0.0,,
Girafarig,Unevolved,0.0,,
Pineco,Unevolved,0.0,,
Forretress,Fully evolved,1.0,Lv 31,
Dunsparce,Unevolved,0.0,,
Gligar,Unevolved,0.0,,
Gligar,Unevolved,0.0,,
Steelix,Fully evolved,1.0,Trade while holding Metal Coat,
Steelix,Fully evolved,1.0,Trade while holding Metal Coat,
Steelix-Mega,Mega,2.0,Steelixite,
Snubbull,Unevolved,0.0,,
Granbull,Fully evolved,1.0,Lv 23,
Qwilfish,Does not evolve,0.0,,
Scizor,Fully evolved,1.0,Trade while holding Metal Coat,
Scizor,Fully evolved,1.0,Trade while holding Metal Coat,
Scizor-Mega,Mega,2.0,Scizorite,
Shuckle,Does not evolve,0.0,,
Heracross,Does not evolve,0.0,,
Heracross,Does not evolve,0.0,,
Heracross-Mega,Mega,1.0,Heracronite,
Sneasel,Unevolved,0.0,,
Sneasel,Unevolved,0.0,,
Teddiursa,Unevolved,0.0,,
Ursaring,Middle evolution,1.0,Lv 30,
Ursaring,Middle evolution,1.0,Lv 30,
Slugma,Unevolved,0.0,,
Magcargo,Fully evolved,1.0,Lv 38,
Swinub,Unevolved,0.0,,
Piloswine,Middle evolution,1.0,Lv 33,
Piloswine,Middle evolution,1.0,Lv 33,
Corsola,Does not evolve,0.0,,
Remoraid,Unevolved,0.0,,
Octillery,Fully evolved,1.0,Lv 25,
Octillery,Fully evolved,1.0,Lv 25,
Delibird,Does not evolve,0.0,,
Mantine,Fully evolved,1.0,Lv up with a Remoraid in party,Lv up with a Remoraid in party
Skarmory,Does not evolve,0.0,,
Houndour,Unevolved,0.0,,
Houndoom,Fully evolved,1.0,Lv 24,
Houndoom,Fully evolved,1.0,Lv 24,
Houndoom-Mega,Mega,2.0,Houndoominite,
Kingdra,Fully evolved,2.0,Trade while holding Dragon Scale,
Phanpy,Unevolved,0.0,,
Donphan,Fully evolved,1.0,Lv 25,
Donphan,Fully evolved,1.0,Lv 25,
Porygon-2,,,,
Stantler,Unevolved,0.0,,
Smeargle,Does not evolve,0.0,,
Tyrogue,Baby,0.0,,
Hitmontop,Fully evolved,1.0,Lv 20 with an Atk stat equal to its Def stat,Lv 20 with an Atk stat equal to its Def stat
Smoochum,Baby,0.0,,
Elekid,Baby,0.0,,
Magby,Baby,0.0,,
Miltank,Does not evolve,0.0,,
Blissey,Fully evolved,2.0,Lv up with high happiness,
Raikou,Does not evolve,0.0,,
Entei,Does not evolve,0.0,,
Suicune,Does not evolve,0.0,,
Larvitar,Unevolved,0.0,,
Pupitar,Middle evolution,1.0,Lv 30,
Tyranitar,Fully evolved,2.0,Lv 55,
Tyranitar-Mega,Mega,3.0,Tyranitarite,
Lugia,Does not evolve,0.0,,
Ho-Oh,Does not evolve,0.0,,
Celebi,Does not evolve,0.0,,
GENERATION-3:,,,,
Treecko,Unevolved,0.0,,
Grovyle,Middle evolution,1.0,Lv 16,
Sceptile,Fully evolved,2.0,Lv 36,
Sceptile-Mega,Mega,3.0,Sceptilite,
Torchic,Unevolved,0.0,,
Torchic,Unevolved,0.0,,
Combusken,Middle evolution,1.0,Lv 16,
Combusken,Middle evolution,1.0,Lv 16,
Blaziken,Fully evolved,2.0,Lv 36,
Blaziken,Fully evolved,2.0,Lv 36,
Blaziken-Mega,Mega,3.0,Blazikenite,
Mudkip,Unevolved,0.0,,
Marshtomp,Middle evolution,1.0,Lv 16,
Swampert,Fully evolved,2.0,Lv 36,
Swampert-Mega,Mega,3.0,Swampertite,
Poochyena,Unevolved,0.0,,
Mightyena,Fully evolved,1.0,Lv 18,
Zigzagoon,Unevolved,0.0,,
Linoone,Fully evolved,1.0,Lv 20,
Wurmple,Unevolved,0.0,,
Silcoon,Middle evolution,1.0,Lv 7,
Beautifly,Fully evolved,2.0,Lv 10,
Beautifly,Fully evolved,2.0,Lv 10,
Cascoon,Middle evolution,1.0,Lv 7,
Dustox,Fully evolved,2.0,Lv 10,
Dustox,Fully evolved,2.0,Lv 10,
Lotad,Unevolved,0.0,,
Lombre,Middle evolution,1.0,Lv 14,
Ludicolo,Fully evolved,2.0,Water Stone,
Ludicolo,Fully evolved,2.0,Water Stone,
Seedot,Unevolved,0.0,,
Nuzleaf,Middle evolution,1.0,Lv 14,
Nuzleaf,Middle evolution,1.0,Lv 14,
Shiftry,Fully evolved,2.0,Leaf Stone,
Shiftry,Fully evolved,2.0,Leaf Stone,
Taillow,Unevolved,0.0,,
Swellow,Fully evolved,1.0,Lv 22,
Wingull,Unevolved,0.0,,
Pelipper,Fully evolved,1.0,Lv 25,
Ralts,Unevolved,0.0,,
Kirlia,Middle evolution,1.0,Lv 20,
Gardevoir,Fully evolved,2.0,Lv 30,
Gardevoir-Mega,Mega,3.0,Gardevoirite,
Surskit,Unevolved,0.0,,
Masquerain,Fully evolved,1.0,Lv 22,
Shroomish,Unevolved,0.0,,
Breloom,Fully evolved,1.0,Lv 23,
Slakoth,Unevolved,0.0,,
Vigoroth,Middle evolution,1.0,Lv 18,
Slaking,Fully evolved,2.0,Lv 36,
Nincada,Unevolved,0.0,,
Ninjask,Fully evolved,1.0,Lv 20,
Shedinja,Fully evolved,1.0,Lv 20,
Whismur,Unevolved,0.0,,
Loudred,Middle evolution,1.0,Lv 20,
Exploud,Fully evolved,2.0,Lv 40,
Makuhita,Unevolved,0.0,,
Hariyama,Fully evolved,1.0,Lv 24,
Azurill,Baby,0.0,,
Nosepass,Unevolved,0.0,,
Skitty,Unevolved,0.0,,
Delcatty,Fully evolved,1.0,Moon Stone,
Sableye,Does not evolve,0.0,,
Sableye-Mega,Mega,1.0,Sablenite,
Mawile,Does not evolve,0.0,,
Mawile-Mega,Mega,1.0,Mawilite,
Aron,Unevolved,0.0,,
Lairon,Middle evolution,1.0,Lv 32,
Aggron,Fully evolved,2.0,Lv 42,
Aggron-Mega,Mega,3.0,Aggronite,
Meditite,Unevolved,0.0,,
Meditite,Unevolved,0.0,,
Medicham,Fully evolved,1.0,Lv 37,
Medicham,Fully evolved,1.0,Lv 37,
Medicham-Mega,Mega,2.0,Medichamite,
Electrike,Unevolved,0.0,,
Manectric,Fully evolved,1.0,Lv 26,
Manectric-Mega,Mega,2.0,Manectite,
Plusle,Does not evolve,0.0,,
Minun,Does not evolve,0.0,,
Volbeat,Does not evolve,0.0,,
Illumise,Does not evolve,0.0,,
Roselia,Middle evolution,1.0,Lv up with high happiness during the day,
Roselia,Middle evolution,1.0,Lv up with high happiness during the day,
Gulpin,Unevolved,0.0,,
Gulpin,Unevolved,0.0,,
Swalot,Fully evolved,1.0,Lv 26,
Swalot,Fully evolved,1.0,Lv 26,
Carvanha,Unevolved,0.0,,
Sharpedo,Fully evolved,1.0,Lv 30,
Sharpedo-Mega,Mega,2.0,Sharpedonite,
Wailmer,Unevolved,0.0,,
Wailord,Fully evolved,1.0,Lv 40,
Numel,Unevolved,0.0,,
Numel,Unevolved,0.0,,
Camerupt,Fully evolved,1.0,Lv 33,
Camerupt,Fully evolved,1.0,Lv 33,
Camerupt-Mega,Mega,2.0,Cameruptite,
Torkoal,Does not evolve,0.0,,
Spoink,Unevolved,0.0,,
Grumpig,Fully evolved,1.0,Lv 32,
Spinda,Does not evolve,0.0,,
Trapinch,Unevolved,0.0,,
Vibrava,Middle evolution,1.0,Lv 35,
Flygon,Fully evolved,2.0,Lv 45,
Cacnea,Unevolved,0.0,,
Cacturne,Fully evolved,1.0,Lv 32,
Cacturne,Fully evolved,1.0,Lv 32,
Swablu,Unevolved,0.0,,
Altaria,Fully evolved,1.0,Lv 35,
Altaria-Mega,Mega,2.0,Altarianite,
Zangoose,Does not evolve,0.0,,
Seviper,Does not evolve,0.0,,
Lunatone,Does not evolve,0.0,,
Solrock,Does not evolve,0.0,,
Barboach,Unevolved,0.0,,
Whiscash,Fully evolved,1.0,Lv 30,
Corphish,Unevolved,0.0,,
Crawdaunt,Fully evolved,1.0,Lv 30,
Baltoy,Unevolved,0.0,,
Claydol,Fully evolved,1.0,Lv 36,
Lileep,Unevolved,0.0,,
Cradily,Fully evolved,1.0,Lv 40,
Anorith,Unevolved,0.0,,
Armaldo,Fully evolved,1.0,Lv 40,
Feebas,Unevolved,0.0,,
Milotic,Fully evolved,1.0,Trade while holding Prism Scale,
Milotic,Fully evolved,1.0,Trade while holding Prism Scale,
Castform,Does not evolve,0.0,,
Castform-Sunny,Does not evolve,0.0,,
Castform-Rainy,Does not evolve,0.0,,
Castform-Snowy,Does not evolve,0.0,,
Kecleon,Does not evolve,0.0,,
Shuppet,Unevolved,0.0,,
Banette,Fully evolved,1.0,Lv 37,
Banette-Mega,Mega,2.0,Banettite,
Duskull,Unevolved,0.0,,
Dusclops,Middle evolution,1.0,Lv 37,
Tropius,Does not evolve,0.0,,
Chimecho,Fully evolved,1.0,Lv up with high happiness at night,
Absol,Does not evolve,0.0,,
Absol-Mega,Mega,1.0,Absolite,
Wynaut,Baby,0.0,,
Snorunt,Unevolved,0.0,,
Glalie,Fully evolved,1.0,Lv 42,
Glalie-Mega,Mega,2.0,Glalitite,
Spheal,Unevolved,0.0,,
Sealeo,Middle evolution,1.0,Lv 32,
Walrein,Fully evolved,2.0,Lv 44,
Clamperl,Unevolved,0.0,,
Huntail,Fully evolved,1.0,Trade while holding Deep Sea Tooth,
Gorebyss,Fully evolved,1.0,Trade while holding Deep Sea Scale,
Relicanth,Does not evolve,0.0,,
Relicanth,Does not evolve,0.0,,
Luvdisc,Does not evolve,0.0,,
Bagon,Unevolved,0.0,,
Shelgon,Middle evolution,1.0,Lv 30,
Salamence,Fully evolved,2.0,Lv 50,
Salamence-Mega,Mega,3.0,Salamencite,
Beldum,Unevolved,0.0,,
Metang,Middle evolution,1.0,Lv 20,
Metagross,Fully evolved,2.0,Lv 45,
Metagross-Mega,Mega,3.0,Metagrossite,
Regirock,Does not evolve,0.0,,
Regice,Does not evolve,0.0,,
Registeel,Does not evolve,0.0,,
Latias,Does not evolve,0.0,,
Latias-Mega,Mega,1.0,Latiasite,
Latios,Does not evolve,0.0,,
Latios-Mega,Mega,1.0,Latiosite,
Kyogre,Does not evolve,0.0,,
Kyogre-Primal,Does not evolve,0.0,,
Groudon,Does not evolve,0.0,,
Groudon-Primal,Does not evolve,0.0,,
Rayquaza,Does not evolve,0.0,,
Rayquaza-Mega,Mega,1.0,,
Jirachi,Does not evolve,0.0,,
Deoxys-Normal,,,,
Deoxys-Attack,Does not evolve,0.0,,
Deoxys-Defense,Does not evolve,0.0,,
Deoxys-Speed,Does not evolve,0.0,,
GENERATION-4:,,,,
Turtwig,Unevolved,0.0,,
Grotle,Middle evolution,1.0,Lv 18,
Torterra,Fully evolved,2.0,Lv 32,
Chimchar,Unevolved,0.0,,
Monferno,Middle evolution,1.0,Lv 14,
Infernape,Fully evolved,2.0,Lv 36,
Piplup,Unevolved,0.0,,
Prinplup,Middle evolution,1.0,Lv 16,
Empoleon,Fully evolved,2.0,Lv 36,
Starly,Unevolved,0.0,,
Starly,Unevolved,0.0,,
Staravia,Middle evolution,1.0,Lv 14,
Staravia,Middle evolution,1.0,Lv 14,
Staraptor,Fully evolved,2.0,Lv 34,
Staraptor,Fully evolved,2.0,Lv 34,
Bidoof,Unevolved,0.0,,
Bidoof,Unevolved,0.0,,
Bibarel,Fully evolved,1.0,Lv 15,
Bibarel,Fully evolved,1.0,Lv 15,
Kricketot,Unevolved,0.0,,
Kricketot,Unevolved,0.0,,
Kricketune,Fully evolved,1.0,Lv 10,
Kricketune,Fully evolved,1.0,Lv 10,
Shinx,Unevolved,0.0,,
Shinx,Unevolved,0.0,,
Luxio,Middle evolution,1.0,Lv 15,
Luxio,Middle evolution,1.0,Lv 15,
Luxray,Fully evolved,2.0,Lv 30,
Luxray,Fully evolved,2.0,Lv 30,
Budew,Baby,0.0,,
Roserade,Fully evolved,2.0,Shiny Stone,
Roserade,Fully evolved,2.0,Shiny Stone,
Cranidos,Unevolved,0.0,,
Rampardos,Fully evolved,1.0,Lv 30,
Shieldon,Unevolved,0.0,,
Bastiodon,Fully evolved,1.0,Lv 30,
Burmy-Plant-Cloak,,,,
Burmy-Sandy-Cloak,,,,
Burmy-Trash-Cloak,,,,
Wormadam-Plant-Cloak,,,,
Wormadam-Sandy-Cloak,,,,
Wormadam-Trash-Cloak,,,,
Mothim,Fully evolved,1.0,Lv 20,
Combee,Unevolved,0.0,,
Combee,Unevolved,0.0,,
Vespiquen,Fully evolved,1.0,Lv 21,
Pachirisu--M,,,,
Pachirisu,Does not evolve,0.0,,
Buizel,Unevolved,0.0,,
Buizel,Unevolved,0.0,,
Floatzel,Fully evolved,1.0,Lv 26,
Floatzel,Fully evolved,1.0,Lv 26,
Cherubi,Unevolved,0.0,,
Cherrim-Overcast,,,,
Cherrim-Sunshine,Does not evolve,0.0,,
Shellos-West-Sea,,,,
Shellos-East-Sea,,,,
Gastrodon-West-Sea,,,,
Gastrodon-East-Sea,,,,
Ambipom,Fully evolved,1.0,Lv up while having learned ,
Ambipom,Fully evolved,1.0,Lv up while having learned ,
Drifloon,Unevolved,0.0,,
Drifblim,Fully evolved,1.0,Lv 28,
Buneary,Unevolved,0.0,,
Lopunny,Fully evolved,1.0,Lv up with high happiness,
Lopunny-Mega,Mega,2.0,Lopunnite,
Mismagius,Fully evolved,1.0,Dusk Stone,
Honchkrow,Fully evolved,1.0,Dusk Stone,
Glameow,Unevolved,0.0,,
Purugly,Fully evolved,1.0,Lv 38,
Chingling,Baby,0.0,,
Stunky,Unevolved,0.0,,
Skuntank,Fully evolved,1.0,Lv 34,
Bronzor,Unevolved,0.0,,
Bronzong,Fully evolved,1.0,Lv 33,
Bonsly,Baby,0.0,,
Mime-Jr.,,,,
Happiny,Baby,0.0,,
Chatot,Does not evolve,0.0,,
Spiritomb,Does not evolve,0.0,,
Gible,Unevolved,0.0,,
Gible,Unevolved,0.0,,
Gabite,Middle evolution,1.0,Lv 24,
Gabite,Middle evolution,1.0,Lv 24,
Garchomp,Fully evolved,2.0,Lv 48,
Garchomp,Fully evolved,2.0,Lv 48,
Garchomp-Mega,Mega,3.0,Garchompite,
Munchlax,Baby,0.0,,
Riolu,Baby,0.0,,
Lucario,Fully evolved,1.0,Lv up with high happiness during the day,
Lucario-Mega,Mega,2.0,Lucarionite,
Hippopotas,Unevolved,0.0,,
Hippopotas,Unevolved,0.0,,
Hippowdon,Fully evolved,1.0,Lv 34,
Hippowdon,Fully evolved,1.0,Lv 34,
Skorupi,Unevolved,0.0,,
Drapion,Fully evolved,1.0,Lv 40,
Croagunk,Unevolved,0.0,,
Croagunk,Unevolved,0.0,,
Toxicroak,Fully evolved,1.0,Lv 37,
Toxicroak,Fully evolved,1.0,Lv 37,
Carnivine,Does not evolve,0.0,,
Finneon,Unevolved,0.0,,
Finneon,Unevolved,0.0,,
Lumineon,Fully evolved,1.0,Lv 31,
Lumineon,Fully evolved,1.0,Lv 31,
Mantyke,Baby,0.0,,
Snover,Unevolved,0.0,,
Snover,Unevolved,0.0,,
Abomasnow,Fully evolved,1.0,Lv 40,
Abomasnow,Fully evolved,1.0,Lv 40,
Abomasnow-Mega,Mega,2.0,Abomasite,
Weavile,Fully evolved,1.0,Lv up while holding Razor Claw at night,
Weavile,Fully evolved,1.0,Lv up while holding Razor Claw at night,
Magnezone,Fully evolved,2.0,Thunder Stone,
Lickilicky,Fully evolved,1.0,Lv up while having learned ,
Rhyperior,Fully evolved,2.0,Trade while holding Protector,
Rhyperior,Fully evolved,2.0,Trade while holding Protector,
Tangrowth,Fully evolved,1.0,Lv up while having learned ,
Tangrowth,Fully evolved,1.0,Lv up while having learned ,
Electivire,Fully evolved,2.0,Trade while holding Electirizer,
Magmortar,Fully evolved,2.0,Trade while holding Magmarizer,
Togekiss,Fully evolved,2.0,Shiny Stone,
Yanmega,Fully evolved,1.0,Lv up while having learned ,
Leafeon,Fully evolved,1.0,Leaf Stone,
Glaceon,Fully evolved,1.0,Ice Stone,
Gliscor,Fully evolved,1.0,Lv up while holding Razor Fang at night,
Mamoswine,Fully evolved,2.0,Lv up while having learned ,
Mamoswine,Fully evolved,2.0,Lv up while having learned ,
Porygon-Z,Fully evolved,2.0,Trade while holding Dubious Disc,
Gallade,Fully evolved,2.0,Dawn Stone,
Gallade-Mega,Mega,3.0,Galladite,
Probopass,Fully evolved,1.0,Lv up near a special magnetic field,Lv up near a special magnetic field
Dusknoir,Fully evolved,2.0,Trade while holding Reaper Cloth,
Froslass,Fully evolved,1.0,Dawn Stone,
Rotom,Does not evolve,0.0,,
Rotom-Heat,Does not evolve,0.0,,
Rotom-Wash,Does not evolve,0.0,,
Rotom-Frost,Does not evolve,0.0,,
Rotom-Fan,Does not evolve,0.0,,
Rotom-Mow,Does not evolve,0.0,,
Uxie,Does not evolve,0.0,,
Mesprit,Does not evolve,0.0,,
Azelf,Does not evolve,0.0,,
Dialga,Does not evolve,0.0,,
Dialga-Origin,Does not evolve,0.0,,
Palkia,Does not evolve,0.0,,
Palkia-Origin,Does not evolve,0.0,,
Heatran,Does not evolve,0.0,,
Regigigas,Does not evolve,0.0,,
Giratina,Does not evolve,0.0,,
Giratina-Altered,,,,
Cresselia,Does not evolve,0.0,,
Phione,Does not evolve,0.0,,
Manaphy,Does not evolve,0.0,,
Darkrai,Does not evolve,0.0,,
Shaymin-Land,,,,
Shaymin-Sky,Does not evolve,0.0,,
Arceus-Normal,,,,
Arceus-Fire,Does not evolve,0.0,,
Arceus-Water,Does not evolve,0.0,,
Arceus-Electric,Does not evolve,0.0,,
Arceus-Grass,Does not evolve,0.0,,
Arceus-Ice,Does not evolve,0.0,,
Arceus-Fighting,Does not evolve,0.0,,
Arceus-Poison,Does not evolve,0.0,,
Arceus-Ground,Does not evolve,0.0,,
Arceus-Flying,Does not evolve,0.0,,
Arceus-Psychic,Does not evolve,0.0,,
Arceus-Bug,Does not evolve,0.0,,
Arceus-Rock,Does not evolve,0.0,,
Arceus-Ghost,Does not evolve,0.0,,
Arceus-Dragon,Does not evolve,0.0,,
Arceus-Dark,Does not evolve,0.0,,
Arceus-Steel,Does not evolve,0.0,,
Arceus-Fairy,Does not evolve,0.0,,
GENERATION-5:,,,,
Victini,Does not evolve,0.0,,
Snivy,Unevolved,0.0,,
Servine,Middle evolution,1.0,Lv 17,
Serperior,Fully evolved,2.0,Lv 36,
Tepig,Unevolved,0.0,,
Pignite,Middle evolution,1.0,Lv 17,
Emboar,Fully evolved,2.0,Lv 36,
Oshawott,Unevolved,0.0,,
Dewott,Middle evolution,1.0,Lv 17,
Samurott,Fully evolved,2.0,Lv 36,
Patrat,Unevolved,0.0,,
Watchog,Fully evolved,1.0,Lv 20,
Lillipup,Unevolved,0.0,,
Herdier,Middle evolution,1.0,Lv 16,
Stoutland,Fully evolved,2.0,Lv 32,
Purrloin,Unevolved,0.0,,
Liepard,Fully evolved,1.0,Lv 20,
Pansage,Unevolved,0.0,,
Simisage,Fully evolved,1.0,Leaf Stone,
Pansear,Unevolved,0.0,,
Simisear,Fully evolved,1.0,Fire Stone,
Panpour,Unevolved,0.0,,
Simipour,Fully evolved,1.0,Water Stone,
Munna,Unevolved,0.0,,
Musharna,Fully evolved,1.0,Moon Stone,
Pidove,Unevolved,0.0,,
Tranquill,Middle evolution,1.0,Lv 21,
Unfezant,Fully evolved,2.0,Lv 32,
Unfezant,Fully evolved,2.0,Lv 32,
Blitzle,Unevolved,0.0,,
Zebstrika,Fully evolved,1.0,Lv 27,
Roggenrola,Unevolved,0.0,,
Boldore,Middle evolution,1.0,Lv 25,
Gigalith,Fully evolved,2.0,Trade,
Woobat,Unevolved,0.0,,
Swoobat,Fully evolved,1.0,Lv up with high happiness,
Drilbur,Unevolved,0.0,,
Excadrill,Fully evolved,1.0,Lv 31,
Audino,Does not evolve,0.0,,
Audino-Mega,Mega,1.0,Audinite,
Timburr,Unevolved,0.0,,
Gurdurr,Middle evolution,1.0,Lv 25,
Conkeldurr,Fully evolved,2.0,Trade,
Tympole,Unevolved,0.0,,
Palpitoad,Middle evolution,1.0,Lv 25,
Seismitoad,Fully evolved,2.0,Lv 36,
Throh,Does not evolve,0.0,,
Sawk,Does not evolve,0.0,,
Sewaddle,Unevolved,0.0,,
Swadloon,Middle evolution,1.0,Lv 20,
Leavanny,Fully evolved,2.0,Lv up with high happiness,
Venipede,Unevolved,0.0,,
Whirlipede,Middle evolution,1.0,Lv 22,
Scolipede,Fully evolved,2.0,Lv 30,
Cottonee,Unevolved,0.0,,
Whimsicott,Fully evolved,1.0,Sun Stone,
Petilil,Unevolved,0.0,,
Lilligant,Fully evolved,1.0,Sun Stone,
Basculin-Red-Stripe,,,,
Basculin-Blue-Stripe,,,,
Sandile,Unevolved,0.0,,
Krokorok,Middle evolution,1.0,Lv 29,
Krookodile,Fully evolved,2.0,Lv 40,
Darumaka,Unevolved,0.0,,
Darmanitan,Fully evolved,1.0,Lv 35,
Darmanitan-Zen-Mode,,,,
Maractus,Does not evolve,0.0,,
Dwebble,Unevolved,0.0,,
Crustle,Fully evolved,1.0,Lv 34,
Scraggy,Unevolved,0.0,,
Scrafty,Fully evolved,1.0,Lv 39,
Sigilyph,Does not evolve,0.0,,
Yamask,Unevolved,0.0,,
Cofagrigus,Fully evolved,1.0,Lv 34,
Tirtouga,Unevolved,0.0,,
Carracosta,Fully evolved,1.0,Lv 37,
Archen,Unevolved,0.0,,
Archeops,Fully evolved,1.0,Lv 37,
Trubbish,Unevolved,0.0,,
Garbodor,Fully evolved,1.0,Lv 36,
Garbodor-Gmax,Gmax,2.0,Gigantamax Factor,
Zorua,Unevolved,0.0,,
Zoroark,Fully evolved,1.0,Lv 30,
Minccino,Unevolved,0.0,,
Cinccino,Fully evolved,1.0,Shiny Stone,
Gothita,Unevolved,0.0,,
Gothorita,Middle evolution,1.0,Lv 32,
Gothitelle,Fully evolved,2.0,Lv 41,
Solosis,Unevolved,0.0,,
Duosion,Middle evolution,1.0,Lv 32,
Reuniclus,Fully evolved,2.0,Lv 41,
Ducklett,Unevolved,0.0,,
Swanna,Fully evolved,1.0,Lv 35,
Vanillite,Unevolved,0.0,,
Vanillish,Middle evolution,1.0,Lv 35,
Vanilluxe,Fully evolved,2.0,Lv 47,
Deerling-Spring,,,,
Deerling-Summer,,,,
Deerling-Autumn,,,,
Deerling-Winter,,,,
Sawsbuck-Spring,,,,
Sawsbuck-Summer,,,,
Sawsbuck-Autumn,,,,
Sawsbuck-Winter,,,,
Emolga,Does not evolve,0.0,,
Karrablast,Unevolved,0.0,,
Escavalier,Fully evolved,1.0,Trade with a Shelmet,Trade with a Shelmet
Foongus,Unevolved,0.0,,
Amoonguss,Fully evolved,1.0,Lv 39,
Frillish,Unevolved,0.0,,
Frillish,Unevolved,0.0,,
Jellicent,Fully evolved,1.0,Lv 40,
Jellicent,Fully evolved,1.0,Lv 40,
Alomomola,Does not evolve,0.0,,
Joltik,Unevolved,0.0,,
Galvantula,Fully evolved,1.0,Lv 36,
Ferroseed,Unevolved,0.0,,
Ferrothorn,Fully evolved,1.0,Lv 40,
Klink,Unevolved,0.0,,
Klang,Middle evolution,1.0,Lv 38,
Klinklang,Fully evolved,2.0,Lv 49,
Tynamo,Unevolved,0.0,,
Eelektrik,Middle evolution,1.0,Lv 39,
Eelektross,Fully evolved,2.0,Thunder Stone,
Elgyem,Unevolved,0.0,,
Beheeyem,Fully evolved,1.0,Lv 42,
Litwick,Unevolved,0.0,,
Lampent,Middle evolution,1.0,Lv 41,
Chandelure,Fully evolved,2.0,Dusk Stone,
Axew,Unevolved,0.0,,
Fraxure,Middle evolution,1.0,Lv 38,
Haxorus,Fully evolved,2.0,Lv 48,
Cubchoo,Unevolved,0.0,,
Beartic,Fully evolved,1.0,Lv 37,
Cryogonal,Does not evolve,0.0,,
Shelmet,Unevolved,0.0,,
Accelgor,Fully evolved,1.0,Trade with a Karrablast,Trade with a Karrablast
Stunfisk,Does not evolve,0.0,,
Mienfoo,Unevolved,0.0,,
Mienshao,Fully evolved,1.0,Lv 50,
Druddigon,Does not evolve,0.0,,
Golett,Unevolved,0.0,,
Golurk,Fully evolved,1.0,Lv 43,
Pawniard,Unevolved,0.0,,
Bisharp,Middle evolution,1.0,Lv 52,
Bouffalant,Does not evolve,0.0,,
Rufflet,Unevolved,0.0,,
Braviary,Fully evolved,1.0,Lv 54,
Vullaby,Unevolved,0.0,,
Mandibuzz,Fully evolved,1.0,Lv 54,
Heatmor,Does not evolve,0.0,,
Durant,Does not evolve,0.0,,
Deino,Unevolved,0.0,,
Zweilous,Middle evolution,1.0,Lv 50,
Hydreigon,Fully evolved,2.0,Lv 64,
Larvesta,Unevolved,0.0,,
Volcarona,Fully evolved,1.0,Lv 59,
Cobalion,Does not evolve,0.0,,
Terrakion,Does not evolve,0.0,,
Virizion,Does not evolve,0.0,,
Tornadus-Incarnate,,,,
Tornadus-Therian,Does not evolve,0.0,,
Thundurus-Incarnate,,,,
Thundurus-Therian,Does not evolve,0.0,,
Reshiram,Does not evolve,0.0,,
Zekrom,Does not evolve,0.0,,
Landorus-Incarnate,,,,
Landorus-Therian,Does not evolve,0.0,,
Kyurem,Does not evolve,0.0,,
Kyurem-White,Does not evolve,0.0,,
Kyurem-Black,Does not evolve,0.0,,
Keldeo-Ordinary-Form,,,,
Keldeo-Resolute-Form,,,,
Meloetta-Aria-Forme,,,,
Meloetta-Pirouette-Forme,,,,
Genesect,Does not evolve,0.0,,
Genesect-Douse-Drive,,,,
Genesect-Shock-Drive,,,,
Genesect-Burn-Drive,,,,
Genesect-Chill-Drive,,,,
GENERATION-6:,,,,
Rattata-Alolan,,,,
Raticate-Alolan,,,,
Raichu-Alolan,,,,
Sandshrew-Alolan,,,,
Sandslash-Alolan,,,,
Vulpix-Alolan,,,,
Ninetales-Alolan,,,,
Diglett-Alolan,,,,
Dugtrio-Alolan,,,,
Meowth-Alolan,,,,
Persian-Alolan,,,,
Geodude-Alolan,,,,
Graveler-Alolan,,,,
Golem-Alolan,,,,
Grimer-Alolan,,,,
Muk-Alolan,,,,
Exeggutor-Alolan,,,,
Marowak-Alolan,,,,
Chespin,Unevolved,0.0,,
Quilladin,Middle evolution,1.0,Lv 16,
Chesnaught,Fully evolved,2.0,Lv 36,
Fennekin,Unevolved,0.0,,
Braixen,Middle evolution,1.0,Lv 16,
Delphox,Fully evolved,2.0,Lv 36,
Froakie,Unevolved,0.0,,
Frogadier,Middle evolution,1.0,Lv 16,
Greninja,Fully evolved,2.0,Lv 36,
Greninja-Ash,Does not evolve,0.0,,
Bunnelby,Unevolved,0.0,,
Diggersby,Fully evolved,1.0,Lv 20,
Fletchling,Unevolved,0.0,,
Fletchinder,Middle evolution,1.0,Lv 17,
Talonflame,Fully evolved,2.0,Lv 35,
Scatterbug,Unevolved,0.0,,
Spewpa,Middle evolution,1.0,Lv 9,
Vivillon-Archipelago,,,,
Vivillon-Continental,,,,
Vivillon-Elegant,,,,
Vivillon-Garden,,,,
Vivillon-High-Plains,,,,
Vivillon-Icy-Snow,,,,
Vivillon-Jungle,,,,
Vivillon-Marine,,,,
Vivillon-Meadow,,,,
Vivillon-Modern,,,,
Vivillon-Monsoon,,,,
Vivillon-Ocean,,,,
Vivillon-Polar,,,,
Vivillon-River,,,,
Vivillon-Sandstorm,,,,
Vivillon-Savannah,,,,
Vivillon-Sun,,,,
Vivillon-Tundra,,,,
Vivillon-Pokeball,Does not evolve,0.0,,
Vivillon-Fancy,Fully evolved,2.0,Lv 12,
Litleo,Unevolved,0.0,,
Pyroar,Fully evolved,1.0,Lv 35,
Pyroar,Fully evolved,1.0,Lv 35,
Flabébé-Red-Flower,,,,
Flabébé-Yellow-Flower,,,,
Flabébé-Orange-Flower,,,,
Flabébé-Blue-Flower,,,,
Flabébé-White-Flower,,,,
Floette-Red-Flower,,,,
Floette-Yellow-Flower,,,,
Floette-Orange-Flower,,,,
Floette-Blue-Flower,,,,
Floette-White-Flower,,,,
Florges-Red-Flower,,,,
Florges-Yellow-Flower,,,,
Florges-Orange-Flower,,,,
Florges-Blue-Flower,,,,
Florges-White-Flower,,,,
Skiddo,Unevolved,0.0,,
Gogoat,Fully evolved,1.0,Lv 32,
Pancham,Unevolved,0.0,,
Pangoro,Fully evolved,1.0,Lv 32 with a Dark-type in the party,Lv 32 with a Dark-type in the party
Furfrou-Natural,,,,
Furfrou-Heart,,,,
Furfrou-Star,,,,
Furfrou-Diamond,,,,
Furfrou-Debutante,,,,
Furfrou-Matron,,,,
Furfrou-Dandy,,,,
Furfrou-La-Reine,,,,
Furfrou-Kabuki,,,,
Furfrou-Pharaoh,,,,
Espurr,Unevolved,0.0,,
Meowstic-M,,,,
Meowstic-F,Fully evolved,1.0,Lv 25,
Honedge,Unevolved,0.0,,
Doublade,Middle evolution,1.0,Lv 35,
Aegislash-Blade,Does not evolve,0.0,,
Aegislash-Shield,,,,
Spritzee,Unevolved,0.0,,
Aromatisse,Fully evolved,1.0,Trade while holding Sachet,
Swirlix,Unevolved,0.0,,
Slurpuff,Fully evolved,1.0,Trade while holding Whipped Dream,
Inkay,Unevolved,0.0,,
Malamar,Fully evolved,1.0,Lv 30 with the console turned upside-down,Lv 30 with the console turned upside-down
Binacle,Unevolved,0.0,,
Barbaracle,Fully evolved,1.0,Lv 39,
Skrelp,Unevolved,0.0,,
Dragalge,Fully evolved,1.0,Lv 48,
Clauncher,Unevolved,0.0,,
Clawitzer,Fully evolved,1.0,Lv 37,
Helioptile,Unevolved,0.0,,
Heliolisk,Fully evolved,1.0,Sun Stone,
Tyrunt,Unevolved,0.0,,
Tyrantrum,Fully evolved,1.0,Lv 39 during the day,
Amaura,Unevolved,0.0,,
Aurorus,Fully evolved,1.0,Lv 39 at night,
Sylveon,Fully evolved,1.0,Lv up with a Fairy-type move and two levels of Affection,Lv up with a Fairy-type move and two levels of Affection
Hawlucha,Does not evolve,0.0,,
Dedenne,Does not evolve,0.0,,
Carbink,Does not evolve,0.0,,
Goomy,Unevolved,0.0,,
Sliggoo,Middle evolution,1.0,Lv 40,
Goodra,Fully evolved,2.0,Lv 50,
Klefki,Does not evolve,0.0,,
Phantump,Unevolved,0.0,,
Trevenant,Fully evolved,1.0,Trade,
Pumpkaboo-Small-Size,,,,
Pumpkaboo-Average-Size,,,,
Pumpkaboo-Large-Size,,,,
Pumpkaboo-Super-Size,,,,
Gourgeist-Small-Size,,,,
Gourgeist-Average-Size,,,,
Gourgeist-Large-Size,,,,
Gourgeist-Super-Size,,,,
Bergmite,Unevolved,0.0,,
Avalugg,Fully evolved,1.0,Lv 37,
Noibat,Unevolved,0.0,,
Noivern,Fully evolved,1.0,Lv 48,
Xerneas,Does not evolve,0.0,,
Yveltal,Does not evolve,0.0,,
Zygarde-10%,Does not evolve,0.0,,
Zygarde-50%,,,,
Zygarde-Complete,Does not evolve,0.0,,
Diancie,Does not evolve,0.0,,
Diancie-Mega,Mega,1.0,Diancite,
Hoopa-Confined,,,,
Hoopa-Unbound,Does not evolve,0.0,,
Volcanion,Does not evolve,0.0,,
GENERATION-7:,,,,
Rowlet,Unevolved,0.0,,
Dartrix,Middle evolution,1.0,Lv 17,
Decidueye,Fully evolved,2.0,Lv 34,
Litten,Unevolved,0.0,,
Torracat,Middle evolution,1.0,Lv 17,
Incineroar,Fully evolved,2.0,Lv 34,
Popplio,Unevolved,0.0,,
Brionne,Middle evolution,1.0,Lv 17,
Primarina,Fully evolved,2.0,Lv 34,
Pikipek,Unevolved,0.0,,
Trumbeak,Middle evolution,1.0,Lv 14,
Toucannon,Fully evolved,2.0,Lv 28,
Yungoos,Unevolved,0.0,,
Gumshoos,Fully evolved,1.0,Lv 20 during the day,
Grubbin,Unevolved,0.0,,
Charjabug,Middle evolution,1.0,Lv 20,
Vikavolt,Fully evolved,2.0,Thunder Stone,
Crabrawler,Unevolved,0.0,,
Crabominable,Fully evolved,1.0,Ice Stone,
Oricorio-Baile-Style,,,,
Oricorio-Pom-Pom-Style,,,,
Oricorio-Pa’u-Style,,,,
Oricorio-Sensu-Style,,,,
Cutiefly,Unevolved,0.0,,
Ribombee,Fully evolved,1.0,Lv 25,
Rockruff,Unevolved,0.0,,
Lycanroc-Midday,,,,
Lycanroc-Midnight,Fully evolved,1.0,Lv 25 at night,
Lycanroc-Dusk,Fully evolved,1.0,Lv 25 from a special Rockruff,Lv 25 from a special Rockruff
Wishiwashi-Solo,,,,
Wishiwashi-School,Does not evolve,0.0,,
Mareanie,Unevolved,0.0,,
Toxapex,Fully evolved,1.0,Lv 38,
Mudbray,Unevolved,0.0,,
Mudsdale,Fully evolved,1.0,Lv 30,
Dewpider,Unevolved,0.0,,
Araquanid,Fully evolved,1.0,Lv 22,
Fomantis,Unevolved,0.0,,
Lurantis,Fully evolved,1.0,Lv 34 during the day,
Morelull,Unevolved,0.0,,
Shiinotic,Fully evolved,1.0,Lv 24,
Salandit,Unevolved,0.0,,
Salazzle,Fully evolved,1.0,Lv 33,
Stufful,Unevolved,0.0,,
Bewear,Fully evolved,1.0,Lv 27,
Bounsweet,Unevolved,0.0,,
Steenee,Middle evolution,1.0,Lv 18,
Tsareena,Fully evolved,2.0,Lv up while having learned ,
Comfey,Does not evolve,0.0,,
Oranguru,Does not evolve,0.0,,
Passimian,Does not evolve,0.0,,
Wimpod,Unevolved,0.0,,
Golisopod,Fully evolved,1.0,Lv 30,
Sandygast,Unevolved,0.0,,
Palossand,Fully evolved,1.0,Lv 42,
Pyukumuku,Does not evolve,0.0,,
Type:-Null,,,,
Silvally-Normal,,,,
Silvally-Fighting,Does not evolve,0.0,,
Silvally-Flying,Does not evolve,0.0,,
Silvally-Poison,Does not evolve,0.0,,
Silvally-Ground,Does not evolve,0.0,,
Silvally-Rock,Does not evolve,0.0,,
Silvally-Bug,Does not evolve,0.0,,
Silvally-Ghost,Does not evolve,0.0,,
Silvally-Steel,Does not evolve,0.0,,
Silvally-Fire,Does not evolve,0.0,,
Silvally-Water,Does not evolve,0.0,,
Silvally-Grass,Does not evolve,0.0,,
Silvally-Electric,Does not evolve,0.0,,
Silvally-Psychic,Does not evolve,0.0,,
Silvally-Ice,Does not evolve,0.0,,
Silvally-Dragon,Does not evolve,0.0,,
Silvally-Dark,Does not evolve,0.0,,
Silvally-Fairy,Does not evolve,0.0,,
Minior-Meteor,Does not evolve,0.0,,
Minior-Red-Core,,,,
Minior-Orange-Core,,,,
Minior-Yellow-Core,,,,
Minior-Green-Core,,,,
Minior-Blue-Core,,,,
Minior-Indigo-Core,,,,
Minior-Violet-Core,,,,
Komala,Does not evolve,0.0,,
Turtonator,Does not evolve,0.0,,
Togedemaru,Does not evolve,0.0,,
Mimikyu,Does not evolve,0.0,,
Bruxish,Does not evolve,0.0,,
Drampa,Does not evolve,0.0,,
Dhelmise,Does not evolve,0.0,,
Jangmo-o,Unevolved,0.0,,
Hakamo-o,Middle evolution,1.0,Lv 35,
Kommo-o,Fully evolved,2.0,Lv 45,
Tapu-Koko,,,,
Tapu-Lele,,,,
Tapu-Bulu,,,,
Tapu-Fini,,,,
Cosmog,Unevolved,0.0,,
Cosmoem,Middle evolution,1.0,Lv 43,
Solgaleo,Fully evolved,2.0,Lv 53,
Lunala,Fully evolved,2.0,Lv 53,
Nihilego,Does not evolve,0.0,,
Buzzwole,Does not evolve,0.0,,
Pheromosa,Does not evolve,0.0,,
Xurkitree,Does not evolve,0.0,,
Celesteela,Does not evolve,0.0,,
Kartana,Does not evolve,0.0,,
Guzzlord,Does not evolve,0.0,,
Necrozma,Does not evolve,0.0,,
Necrozma-Dusk-Mane,Does not evolve,0.0,,
Necrozma-Dawn-Wings,Does not evolve,0.0,,
Necrozma-Ultra,Does not evolve,0.0,,
Magearna,Does not evolve,0.0,,
Magearna-Original-Color,,,,
Marshadow,Does not evolve,0.0,,
Poipole,Unevolved,0.0,,
Naganadel,Fully evolved,1.0,Lv up while having learned ,
Stakataka,Does not evolve,0.0,,
Blacephalon,Does not evolve,0.0,,
Zeraora,Does not evolve,0.0,,
Meltan,Does not evolve,0.0,,
Melmetal,Does not evolve,0.0,,
Melmetal-Gmax,Gmax,1.0,Gigantamax Factor,
GENERATION-8:,,,,
Meowth-Galarian,,,,
Ponyta-Galarian,,,,
Rapidash-Galarian,,,,
Farfetch'd-Galarian,,,,
Sirfetch'd,,,,
Weezing-Galarian,,,,
Mr.-Mime-Galarian,,,,
Mr.-Rime,,,,
Corsola-Galarian,,,,
Cursola,Fully evolved,1.0,Lv 38,
Zigzagoon-Galarian,,,,
Linoone-Galarian,,,,
Obstagoon,Fully evolved,2.0,Lv 35 at night,
Darumaka-Galarian,,,,
Darmanitan-Galarian,,,,
"Darmanitan-Galarian,-Zen-Mode",,,,
Yamask-Galarian,,,,
Runerigus,Fully evolved,1.0,,
Slowpoke-Galarian,,,,
Slowbro-Galarian,,,,
Slowking-Galarian,,,,
Articuno-Galarian,,,,
Zapdos-Galarian,,,,
Moltres-Galarian,,,,
Perrserker,Fully evolved,1.0,Lv 28,
Stunfisk-Galarian,,,,
Grookey,Unevolved,0.0,,
Thwackey,Middle evolution,1.0,Lv 16,
Rillaboom,Fully evolved,2.0,Lv 35,
Rillaboom-Gmax,Gmax,3.0,Gigantamax Factor,
Scorbunny,Unevolved,0.0,,
Raboot,Middle evolution,1.0,Lv 16,
Cinderace,Fully evolved,2.0,Lv 35,
Cinderace-Gmax,Gmax,3.0,Gigantamax Factor,
Sobble,Unevolved,0.0,,
Drizzile,Middle evolution,1.0,Lv 16,
Inteleon,Fully evolved,2.0,Lv 35,
Inteleon-Gmax,Gmax,3.0,Gigantamax Factor,
Skwovet,Unevolved,0.0,,
Greedent,Fully evolved,1.0,Lv 24,
Rookidee,Unevolved,0.0,,
Corvisquire,Middle evolution,1.0,Lv 18,
Corviknight,Fully evolved,2.0,Lv 38,
Corviknight-Gmax,Gmax,3.0,Gigantamax Factor,
Blipbug,Unevolved,0.0,,
Dottler,Middle evolution,1.0,Lv 10,
Orbeetle,Fully evolved,2.0,Lv 30,
Orbeetle-Gmax,Gmax,3.0,Gigantamax Factor,
Nickit,Unevolved,0.0,,
Thievul,Fully evolved,1.0,Lv 18,
Gossifleur,Unevolved,0.0,,
Eldegoss,Fully evolved,1.0,Lv 20,
Wooloo,Unevolved,0.0,,
Dubwool,Fully evolved,1.0,Lv 24,
Chewtle,Unevolved,0.0,,
Drednaw,Fully evolved,1.0,Lv 22,
Drednaw-Gmax,Gmax,2.0,Gigantamax Factor,
Yamper,Unevolved,0.0,,
Boltund,Fully evolved,1.0,Lv 25,
Rolycoly,Unevolved,0.0,,
Carkol,Middle evolution,1.0,Lv 18,
Coalossal,Fully evolved,2.0,Lv 34,
Coalossal-Gmax,Gmax,3.0,Gigantamax Factor,
Applin,Unevolved,0.0,,
Flapple,Fully evolved,1.0,Tart Apple,
Appletun,Fully evolved,1.0,Sweet Apple,
Flapple/Appletun-Gmax,,,,
Silicobra,Unevolved,0.0,,
Sandaconda,Fully evolved,1.0,Lv 36,
Sandaconda-Gmax,Gmax,2.0,Gigantamax Factor,
Cramorant,Does not evolve,0.0,,
Cramorant-Gulping,Does not evolve,0.0,,
Cramorant-Gorging,Does not evolve,0.0,,
Arrokuda,Unevolved,0.0,,
Barraskewda,Fully evolved,1.0,Lv 26,
Toxel,Baby,0.0,,
Toxtricity-Low-Key,Fully evolved,1.0,Lv 30,
Toxtricity-Amped,,,,
Toxtricity-Amped/Low-Key-Gmax,,,,
Sizzlipede,Unevolved,0.0,,
Centiskorch,Fully evolved,1.0,Lv 28,
Centiskorch-Gmax,Gmax,2.0,Gigantamax Factor,
Clobbopus,Unevolved,0.0,,
Grapploct,Fully evolved,1.0,Lv up while having learned ,
Sinistea,Unevolved,0.0,,
Polteageist-Phony,,,,
Polteageist-Antique,Fully evolved,1.0,Chipped Pot,
Hatenna,Unevolved,0.0,,
Hattrem,Middle evolution,1.0,Lv 32,
Hatterene,Fully evolved,2.0,Lv 42,
Hatterene-Gmax,Gmax,3.0,Gigantamax Factor,
Impidimp,Unevolved,0.0,,
Morgrem,Middle evolution,1.0,Lv 32,
Grimmsnarl,Fully evolved,2.0,Lv 42,
Grimmsnarl-Gmax,Gmax,3.0,Gigantamax Factor,
Milcery,Unevolved,0.0,,
"Alcremie-Strawberry-Sweet,-Vanilla-Cream",,,,
"Alcremie-Strawberry-Sweet,-Ruby-Cream",,,,
"Alcremie-Strawberry-Sweet,-Matcha-Cream",,,,
"Alcremie-Strawberry-Sweet,-Mint-Cream",,,,
"Alcremie-Strawberry-Sweet,-Lemon-Cream",,,,
"Alcremie-Strawberry-Sweet,-Salted-Cream",,,,
"Alcremie-Strawberry-Sweet,-Ruby-Swirl",,,,
"Alcremie-Strawberry-Sweet,-Caramel-Swirl",,,,
"Alcremie-Strawberry-Sweet,-Rainbow-Swirl",,,,
"Alcremie-Berry-Sweet,-Vanilla-Cream",,,,
"Alcremie-Berry-Sweet,-Ruby-Cream",,,,
"Alcremie-Berry-Sweet,-Matcha-Cream",,,,
"Alcremie-Berry-Sweet,-Mint-Cream",,,,
"Alcremie-Berry-Sweet,-Lemon-Cream",,,,
"Alcremie-Berry-Sweet,-Salted-Cream",,,,
"Alcremie-Berry-Sweet,-Ruby-Swirl",,,,
"Alcremie-Berry-Sweet,-Caramel-Swirl",,,,
"Alcremie-Berry-Sweet,-Rainbow-Swirl",,,,
"Alcremie-Love-Sweet,-Vanilla-Cream",,,,
"Alcremie-Love-Sweet,-Ruby-Cream",,,,
"Alcremie-Love-Sweet,-Matcha-Cream",,,,
"Alcremie-Love-Sweet,-Mint-Cream",,,,
"Alcremie-Love-Sweet,-Lemon-Cream",,,,
"Alcremie-Love-Sweet,-Salted-Cream",,,,
"Alcremie-Love-Sweet,-Ruby-Swirl",,,,
"Alcremie-Love-Sweet,-Caramel-Swirl",,,,
"Alcremie-Love-Sweet,-Rainbow-Swirl",,,,
"Alcremie-Star-Sweet,-Vanilla-Cream",,,,
"Alcremie-Star-Sweet,-Ruby-Cream",,,,
"Alcremie-Star-Sweet,-Matcha-Cream",,,,
"Alcremie-Star-Sweet,-Mint-Cream",,,,
"Alcremie-Star-Sweet,-Lemon-Cream",,,,
"Alcremie-Star-Sweet,-Salted-Cream",,,,
"Alcremie-Star-Sweet,-Ruby-Swirl",,,,
"Alcremie-Star-Sweet,-Caramel-Swirl",,,,
"Alcremie-Star-Sweet,-Rainbow-Swirl",,,,
"Alcremie-Clover-Sweet,-Vanilla-Cream",,,,
"Alcremie-Clover-Sweet,-Ruby-Cream",,,,
"Alcremie-Clover-Sweet,-Matcha-Cream",,,,
"Alcremie-Clover-Sweet,-Mint-Cream",,,,
"Alcremie-Clover-Sweet,-Lemon-Cream",,,,
"Alcremie-Clover-Sweet,-Salted-Cream",,,,
"Alcremie-Clover-Sweet,-Ruby-Swirl",,,,
"Alcremie-Clover-Sweet,-Caramel-Swirl",,,,
"Alcremie-Clover-Sweet,-Rainbow-Swirl",,,,
"Alcremie-Flower-Sweet,-Vanilla-Cream",,,,
"Alcremie-Flower-Sweet,-Ruby-Cream",,,,
"Alcremie-Flower-Sweet,-Matcha-Cream",,,,
"Alcremie-Flower-Sweet,-Mint-Cream",,,,
"Alcremie-Flower-Sweet,-Lemon-Cream",,,,
"Alcremie-Flower-Sweet,-Salted-Cream",,,,
"Alcremie-Flower-Sweet,-Ruby-Swirl",,,,
"Alcremie-Flower-Sweet,-Caramel-Swirl",,,,
"Alcremie-Flower-Sweet,-Rainbow-Swirl",,,,
"Alcremie-Ribbon-Sweet,-Vanilla-Cream",,,,
"Alcremie-Ribbon-Sweet,-Ruby-Cream",,,,
"Alcremie-Ribbon-Sweet,-Matcha-Cream",,,,
"Alcremie-Ribbon-Sweet,-Mint-Cream",,,,
"Alcremie-Ribbon-Sweet,-Lemon-Cream",,,,
"Alcremie-Ribbon-Sweet,-Salted-Cream",,,,
"Alcremie-Ribbon-Sweet,-Ruby-Swirl",,,,
"Alcremie-Ribbon-Sweet,-Caramel-Swirl",,,,
"Alcremie-Ribbon-Sweet,-Rainbow-Swirl",,,,
Alcremie-Gmax,Gmax,2.0,Gigantamax Factor,
Falinks,Does not evolve,0.0,,
Pincurchin,Does not evolve,0.0,,
Snom,Unevolved,0.0,,
Frosmoth,Fully evolved,1.0,Lv up with high happiness at night,
Stonjourner,Does not evolve,0.0,,
Eiscue-Ice-Face,,,,
Eiscue-Noice,Does not evolve,0.0,,
Indeedee,Does not evolve,0.0,,
Indeedee,Does not evolve,0.0,,
Morpeko-Full-Belly,,,,
Morpeko-Hangry,Does not evolve,0.0,,
Cufant,Unevolved,0.0,,
Copperajah,Fully evolved,1.0,Lv 34,
Copperajah-Gmax,Gmax,2.0,Gigantamax Factor,
Dracozolt,Does not evolve,0.0,,
Arctozolt,Does not evolve,0.0,,
Dracovish,Does not evolve,0.0,,
Arctovish,Does not evolve,0.0,,
Duraludon,Does not evolve,0.0,,
Duraludon-Gmax,Gmax,1.0,Gigantamax Factor,
Dreepy,Unevolved,0.0,,
Drakloak,Middle evolution,1.0,Lv 50,
Dragapult,Fully evolved,2.0,Lv 60,
Zacian-Hero-of-Many-Battles,,,,
Zacian-Crowned-Sword,,,,
Zamazenta-Hero-of-Many-Battles,,,,
Zamazenta-Crowned-Shield,,,,
Eternatus,Does not evolve,0.0,,
Eternatus-Eternamax,Does not evolve,0.0,,
Kubfu,Unevolved,0.0,,
Urshifu-Single-Strike-Style,,,,
Urshifu-Rapid-Strike-Style,,,,
Urshifu-Single-Strike-Style-Gmax,,,,
Urshifu-Rapid-Strike-Style-Gmax,,,,
Zarude,Does not evolve,0.0,,
Zarude-Dada,Does not evolve,0.0,,
Regieleki,Does not evolve,0.0,,
Regidrago,Does not evolve,0.0,,
Glastrier,Does not evolve,0.0,,
Spectrier,Does not evolve,0.0,,
Calyrex,Does not evolve,0.0,,
Calyrex-Ice-Rider,,,,
Calyrex-Shadow-Rider,,,,
Growlithe-Hisuian,,,,
Arcanine-Hisuian,,,,
Voltorb-Hisuian,,,,
Electrode-Hisuian,,,,
Typhlosion-Hisuian,,,,
Qwilfish-Hisuian,,,,
Overqwil,Fully evolved,1.0,,
Sneasel-M-Hisuian,,,,
Sneasel-F-Hisuian,,,,
Sneasler,Fully evolved,1.0,Lv up while holding Razor Claw during the day,
Samurott-Hisuian,,,,
Liligant-Hisuian,,,,
"Basculin-White-Stripe,-Hisuian",,,,
Basculegion,Fully evolved,1.0,,
Basculegion,Fully evolved,1.0,,
Zorua-Hisuian,,,,
Zoroark-Hisuian,,,,
Braviary-Hisuian,,,,
Sliggoo-Hisuian,,,,
Goodra-Hisuian,,,,
Avalugg-Hisuian,,,,
Decidueye-Hisuian,,,,
Wyrdeer,Fully evolved,1.0,,
Kleavor,Fully evolved,1.0,,
Ursaluna,Fully evolved,2.0,,
Enamorus-Incarnate,,,,
Enamorus-Therian,Does not evolve,0.0,,
GENERATION-9:,,,,
Tauros-Combat-Breed,,,,
Tauros-Blaze-Breed,,,,
Tauros-Aqua-Breed,,,,
Wooper-Paldean,,,,
Clodsire,Fully evolved,1.0,Lv 20,
Sprigatito,Unevolved,0.0,,
Floragato,Middle evolution,1.0,Lv 16,
Meowscarada,Fully evolved,2.0,Lv 36,
Fuecoco,Unevolved,0.0,,
Crocalor,Middle evolution,1.0,Lv 16,
Skeledirge,Fully evolved,2.0,Lv 36,
Quaxly,Unevolved,0.0,,
Quaxwell,Middle evolution,1.0,Lv 16,
Quaquaval,Fully evolved,2.0,Lv 36,
Lechonk,Unevolved,0.0,,
Oinkologne,Fully evolved,1.0,Lv 18,
Oinkologne,Fully evolved,1.0,Lv 18,
Tarountula,Unevolved,0.0,,
Spidops,Fully evolved,1.0,Lv 15,
Nymble,Unevolved,0.0,,
Lokix,Fully evolved,1.0,Lv 24,
Pawmi,Unevolved,0.0,,
Pawmo,Middle evolution,1.0,Lv 18,
Pawmot,Fully evolved,2.0,,
Tandemaus,Unevolved,0.0,,
Maushold-Family-of-Three,,,,
Maushold-Family-of-Four,,,,
Fidough,Unevolved,0.0,,
Dachsbun,Fully evolved,1.0,Lv 26,
Smoliv,Unevolved,0.0,,
Dolliv,Middle evolution,1.0,Lv 25,
Arboliva,Fully evolved,2.0,Lv 35,
Squawkabilly-Green-Plumage,,,,
Squawkabilly-Blue-Plumage,,,,
Squawkabilly-Yellow-Plumage,,,,
Squawkabilly-White-Plumage,,,,
Nacli,Unevolved,0.0,,
Naclstack,Middle evolution,1.0,Lv 24,
Garganacl,Fully evolved,2.0,Lv 38,
Annihilape,Fully evolved,2.0,,
Charcadet,Unevolved,0.0,,
Armarouge,Fully evolved,1.0,Auspicious Armor,
Ceruledge,Fully evolved,1.0,Malicious Armor,
Tadbulb,Unevolved,0.0,,
Bellibolt,Fully evolved,1.0,Thunder Stone,
Wattrel,Unevolved,0.0,,
Kilowattrel,Fully evolved,1.0,Lv 25,
Dudunsparce-2-Segment,,,,
Dudunsparce-3-Segment,,,,
Farigiraf,Fully evolved,1.0,Lv up while having learned ,
Maschiff,Unevolved,0.0,,
Mabosstiff,Fully evolved,1.0,Lv 30,
Shroodle,Unevolved,0.0,,
Grafaiai,Fully evolved,1.0,Lv 28,
Bramblin,Unevolved,0.0,,
Brambleghast,Fully evolved,1.0,,
Toedscool,Unevolved,0.0,,
Toedscruel,Fully evolved,1.0,Lv 30,
Klawf,Does not evolve,0.0,,
Capaskid,,,,
Scovillain,Fully evolved,1.0,Fire Stone,
Rellor,Unevolved,0.0,,
Rabsca,Fully evolved,1.0,,
Flittle,Unevolved,0.0,,
Esparthra,,,,
Tinkatink,Unevolved,0.0,,
Tinkatuff,Middle evolution,1.0,Lv 24,
Tinkaton,Fully evolved,2.0,Lv 38,
Wiglett,Unevolved,0.0,,
Wugtrio,Fully evolved,1.0,Lv 26,
Bombirdier,Does not evolve,0.0,,
Finizen,Unevolved,0.0,,
Palafin-Zero,,,,
Palafin-Hero,Does not evolve,0.0,,
Varoom,Unevolved,0.0,,
Revaroom,,,,
Cyclizar,Does not evolve,0.0,,
Orthworm,Does not evolve,0.0,,
Glimmet,Unevolved,0.0,,
Glimmora,Fully evolved,1.0,Lv 35,
Greavard,Unevolved,0.0,,
Houndstone,Fully evolved,1.0,Lv 30 at night,
Flamigo,Does not evolve,0.0,,
Cetoddle,Unevolved,0.0,,
Cetitan,Fully evolved,1.0,Ice Stone,
Kingambit,Fully evolved,2.0,,
Veluza,Does not evolve,0.0,,
Dondozo,Does not evolve,0.0,,
Tatsugiri-Curly,,,,
Tatsugiri-Droopy,,,,
Tatsugiri-Stretchy,,,,
Great-Tusk,,,,
Scream-Tail,,,,
Brute-Bonnet,,,,
Flutter-Mane,,,,
Slither-Wing,,,,
Sandy-Shocks,,,,
Iron-Treads,,,,
Iron-Bundle,,,,
Iron-Hands,,,,
Iron-Jugulis,,,,
Iron-Moth,,,,
Iron-Thorns,,,,
Frigibax,Unevolved,0.0,,
Arctibax,Middle evolution,1.0,Lv 35,
Baxcalibur,Fully evolved,2.0,Lv 54,
Gimmighoul-Roaming,Unevolved,0.0,,
Gimmighoul-Chest,,,,
Gholdengo,Fully evolved,1.0,,
Wo-Chien,Does not evolve,0.0,,
Chien-Pao,Does not evolve,0.0,,
Ting-Lu,Does not evolve,0.0,,
Chi-Yu,Does not evolve,0.0,,
Roaring-Moon,,,,
Iron-Valiant,,,,
Koraidon,Does not evolve,0.0,,
Miraidon,Does not evolve,0.0,,
Walking-Wake,,,,
Iron-Leaves,,,,
Okidogi,,,,
Munkidori,,,,
Fezandipiti,,,,
Ogerpon,,,,
Terapagos,,,,
